,count,mean,std,min,25%,50%,75%,max
age,6.0,22.833333333333332,2.8577380332470415,19.0,21.25,22.5,24.5,27.0
score,7.0,85.21428571428571,8.33095204071911,72.0,80.25,88.5,90.0,95.5
height_cm,6.0,170.66666666666666,8.189424074174367,160.0,165.75,169.5,176.25,182.0
